{
  "sum": 3423087,
  "mix": [
    [0.35337143175192903, "lognorm", [0.43445137550933227, 0, 103.46990798367673]],
    [0.26702017382344917, "lognorm", [0.838624356615011, 0, 445.50487631918236]],
    [0.24417923041827666, "lognorm", [1.031707025878054, 0, 2326.1576611113132]],
    [0.10083178434077, "lognorm", [1.4137617659302517, 0, 14926.087359691675]],
    [0.026913705094334064, "lognorm", [1.8475129886161072, 0, 141806.99648004345]],
    [0.006015895993685512, "lognorm", [1.7893176439311254, 0, 823324.3872651896]],
    [0.0009795069420077095, "lognorm", [1.6846203332870113, 0, 5222107.920426302]],
    [0.0006882716355327027, "lognorm", [0.7899063113891548, 0, 71041863.08020742]]
  ]
}
