{
  "sum": 474938286477,
  "mix": [
    [0.003071851321830559, "lognorm", [1.5846561168878683, 0, 2150.6770714065083]],
    [0.03216911327022314, "lognorm", [1.7627819200980364, 0, 64814.85240350314]],
    [0.13603798336679465, "lognorm", [1.574983995502511, 0, 2164356.770893884]],
    [0.5134490616843589, "lognorm", [1.6123783052289848, 0, 61321724.40333289]],
    [0.31527199035679243, "lognorm", [0.5343003001856493, 0, 144032291.84972182]]
  ]
}
