{
  "sum": 552104410,
  "mix": [
    [0.06080898151133531, "lognorm", [2.198320438433005, 0, 8865.307214161132]],
    [0.23526085120925563, "lognorm", [1.9216539496709113, 0, 876206.534600084]],
    [0.10607721396473983, "lognorm", [0.5507705163151667, 0, 4465873.9193675425]],
    [0.39791480566312504, "lognorm", [1.889252864685632, 0, 29843663.041621443]],
    [0.19993814765154458, "lognorm", [0.5685261646589526, 0, 139873627.85748467]]
  ]
}
