{
  "sum": 2982158,
  "mix": [
    [0.30383078633573213, "lognorm", [0.2013226082144467, 0, 100.03083061470848]],
    [0.39790369726514707, "lognorm", [0.5648459926142847, 0, 192.65324999501834]],
    [0.2342287395217789, "lognorm", [0.6768218542307175, 0, 281.5995243511466]],
    [0.05196884410679741, "lognorm", [0.8071053821440255, 0, 1181.3093493781528]],
    [0.009669013949668405, "lognorm", [1.221880939233684, 0, 7109.26102476509]],
    [0.001873463454244551, "lognorm", [1.8835366010194274, 0, 139889.62151234085]],
    [0.00038979973803270865, "lognorm", [2.2031494899908473, 0, 2015614.246630488]],
    [0.00011680029257858097, "lognorm", [1.5431179275511475, 0, 34712449.84507485]],
    [1.8855336015107684e-05, "lognorm", [0.5550751657066536, 0, 53018024.33585872]]
  ]
}
