{
  "sum": 71866582507,
  "mix": [
    [0.0066678988882497734, "lognorm", [0.6806811866714304, 0, 243.9599183197347]],
    [0.004681901680315388, "lognorm", [1.129108193463231, 0, 1410.0657060882525]],
    [0.004952285477428622, "lognorm", [1.8897198894224523, 0, 24214.53462750238]],
    [0.016435527263197705, "lognorm", [1.747991869577854, 0, 448948.4532613298]],
    [0.05825907072520975, "lognorm", [1.2241716666967992, 0, 5505751.311351648]],
    [0.19237305584874348, "lognorm", [1.1168189837619171, 0, 39312823.021104045]],
    [0.4227651188865378, "lognorm", [0.8368029308296819, 0, 192947869.37188944]],
    [0.14843774854150055, "lognorm", [0.16618714059338785, 0, 617379981.9786265]],
    [0.14542739268881708, "lognorm", [0.14162128240839317, 0, 2661129220.4658933]]
  ]
}
