{
  "sum": 126676716,
  "mix": [
    [0.00460004822568234, "lognorm", [0.09397482712967027, 0, 99.16303911307284]],
    [0.023896981531018113, "lognorm", [0.6837586177209438, 0, 242.90342394788405]],
    [0.016847570734640396, "lognorm", [1.199490025618906, 0, 1463.5479542382755]],
    [0.03061460932861957, "lognorm", [1.744416244930934, 0, 115664.3710370044]],
    [0.05871483875859013, "lognorm", [1.770897734329353, 0, 5154687.551285268]],
    [0.2805714030316413, "lognorm", [1.3995466470662719, 0, 14193032.153663706]],
    [0.3027438482186291, "lognorm", [1.241693167196284, 0, 44164713.5651665]],
    [0.2145563107577452, "lognorm", [0.5111908718472487, 0, 416440793.5819854]],
    [0.06745438941343342, "lognorm", [0.14343658044006616, 0, 2668312585.1266637]]
  ]
}
