{
  "sum": 547382325881,
  "mix": [
    [0.0003450924446158943, "uniform", [0, 1]],
    [0.00041911004788071783, "uniform", [0, 2]],
    [1.1280134114424506e-09, "uniform", [0, 3]],
    [1.9455873403763874e-11, "uniform", [0, 4]],
    [2.749365122743752e-10, "uniform", [0, 5]],
    [0.0005505114143504379, "uniform", [0, 6]],
    [0.09405196464463375, "lognorm", [2.168951599856456, 0, 615.5733659638679]],
    [0.32957246332023976, "lognorm", [1.6190897001610502, 0, 18415.3199578774]],
    [0.5049267894847856, "lognorm", [0.7028271429387892, 0, 95571.42786771663]],
    [0.07013406722108746, "lognorm", [0.6092013923064198, 0, 1053640.0737977454]]
  ]
}
