{
  "sum": 680883573,
  "mix": [
    [0.0012117167927392502, "uniform", [0, 1]],
    [0.003432766824544247, "uniform", [0, 2]],
    [0.0001671225637911786, "uniform", [0, 3]],
    [2.54117951426289e-07, "uniform", [0, 4]],
    [2.2039627039849047e-07, "uniform", [0, 5]],
    [0.004605416311807612, "uniform", [0, 6]],
    [0.07914256244054003, "lognorm", [1.8483264684517802, 0, 97.45161360778059]],
    [0.35163555473344416, "lognorm", [1.7811794374506904, 0, 10695.578410921797]],
    [0.49956640179984374, "lognorm", [0.7458127782107106, 0, 83263.82169965166]],
    [0.06023798401906789, "lognorm", [0.6480221825973995, 0, 931090.9381167257]]
  ]
}
