{
  "sum": 2982158,
  "mix": [
    [0.5479282966253308, "uniform", [0, 1]],
    [0.1867840268827106, "uniform", [0, 2]],
    [0.11461984370885579, "uniform", [0, 3]],
    [0.05735014241493945, "uniform", [0, 4]],
    [0.021542972861630223, "lognorm", [0.6229354587669995, 0, 12.288664538553942]],
    [0.0228274292915339, "lognorm", [0.36615640953811546, 0, 6.916574934609874]],
    [0.03667468742949883, "lognorm", [0.24864174093040117, 0, 4.625928445284277]],
    [0.003278589937612386, "lognorm", [0.3883662615890256, 0, 5.830339688962567]],
    [0.005679295257310913, "lognorm", [0.9344839321401426, 0, 38.94562148214318]],
    [0.0023844826000770586, "lognorm", [1.1263548499269658, 0, 201.66326529778678]],
    [0.0005758772966679482, "lognorm", [1.0460767401311024, 0, 2782.451219785824]],
    [0.00016419008044999442, "lognorm", [1.2762174653449785, 0, 64261.216192297165]],
    [0.00019016561338198082, "lognorm", [0.7822112719271388, 0, 49613.451298050386]]
  ]
}
