{
  "sum": 71866582507,
  "mix": [
    [0.00283542155109823, "uniform", [0, 1]],
    [0.0016308854582163408, "uniform", [0, 2]],
    [0.0010113837197406324, "uniform", [0, 3]],
    [0.0010659172530708624, "uniform", [0, 4]],
    [0.00027419910691778727, "uniform", [0, 5]],
    [0.0006591790925144374, "uniform", [0, 6]],
    [0.0011550265738891653, "uniform", [0, 7]],
    [0.011429428790037954, "lognorm", [1.7713222431104556, 0, 62.862684868050295]],
    [0.08607953996644761, "lognorm", [1.69594429803827, 0, 10114.335141911217]],
    [0.543591196440563, "lognorm", [0.9339139816619468, 0, 135480.85856433443]],
    [0.19815498068287027, "lognorm", [0.29522474680623995, 0, 585128.1576350131]],
    [0.15211284136463382, "lognorm", [0.20163875686335653, 0, 2131430.1182963485]]
  ]
}
