{
  "sum": 126676716,
  "mix": [
    [0.009687670507092721, "uniform", [0, 1]],
    [0.006054679545488086, "uniform", [0, 2]],
    [0.004396500417666596, "uniform", [0, 3]],
    [0.004115700482497678, "uniform", [0, 4]],
    [0.0016224041188893077, "uniform", [0, 5]],
    [0.0026478051036414887, "uniform", [0, 6]],
    [0.002350832288592845, "uniform", [0, 7]],
    [0.011020364300461641, "lognorm", [0.7117846304728146, 0, 10.553017779699346]],
    [0.02622256100581845, "lognorm", [1.7569262355503237, 0, 271.89367347140075]],
    [0.08987814186909845, "lognorm", [1.5313472159847648, 0, 11628.698223054393]],
    [0.76289720100537, "lognorm", [1.0669696310707706, 0, 166449.30167179482]],
    [0.079106139355383, "lognorm", [0.2086137719200078, 0, 2036929.190737371]]
  ]
}
