{
  "sum": 6517484,
  "mix": [
    [0.3891687549453747, "lognorm", [0.34195664739935233, 0, 102.42398480612688]],
    [0.2511944038190989, "lognorm", [0.5350498984842765, 0, 254.1473428344351]],
    [0.23872547997873658, "lognorm", [1.0299180427867192, 0, 820.3095933985046]],
    [0.08900933880258279, "lognorm", [1.100404028690569, 0, 6459.227014189878]],
    [0.024456302948636342, "lognorm", [1.2377573407030078, 0, 78595.51430688293]],
    [0.005202792516559647, "lognorm", [1.9897039489303314, 0, 891133.2128953086]],
    [0.0018296844326641925, "lognorm", [0.9570697855095469, 0, 1638854.5292671348]],
    [0.00041324255633518893, "lognorm", [0.8531827318115013, 0, 66280232.47675769]]
  ]
}
