{
  "sum": 547382325881,
  "mix": [
    [0.016646849833498196, "lognorm", [2.277183855928325, 0, 13851.256953682421]],
    [0.08410129470752775, "lognorm", [1.9113806354727527, 0, 839591.7233049328]],
    [0.292727738213355, "lognorm", [1.5740586364103313, 0, 16799619.583418883]],
    [0.5706981899139388, "lognorm", [0.8552782537850403, 0, 142999212.9791254]],
    [0.0358259273316802, "lognorm", [0.18665952984617032, 0, 2385073555.480568]]
  ]
}
