{
  "sum": 680883573,
  "mix": [
    [0.02882720047349098, "lognorm", [1.6289300184445323, 0, 1066.032613248642]],
    [0.2887681866052277, "lognorm", [2.503333946301698, 0, 1001071.510525612]],
    [0.13716788727357088, "lognorm", [0.6788828033844272, 0, 4427819.399377602]],
    [0.42515167775017165, "lognorm", [1.7041853206151338, 0, 66850559.12623895]],
    [0.12008504789754018, "lognorm", [0.5465443014001328, 0, 152488067.842052]]
  ]
}
