{
  "sum": 3423087,
  "mix": [
    [0.011231892047036346, "uniform", [0, 1]],
    [0.31362430429609733, "uniform", [0, 2]],
    [0.06349740477324956, "uniform", [0, 3]],
    [0.03238789584499047, "uniform", [0, 4]],
    [0.014619437890665919, "uniform", [0, 5]],
    [0.1365509387011564, "uniform", [0, 6]],
    [0.21250977294879025, "lognorm", [0.49786332851194165, 0, 7.692716042919052]],
    [0.13074365457570641, "lognorm", [0.7307410579955107, 0, 20.652952618246218]],
    [0.06784854237725799, "lognorm", [1.1934008700185021, 0, 105.18755604571534]],
    [0.016986156545047745, "lognorm", [1.9974817250298424, 0, 1280.941752607101]]
  ]
}
