{
  "sum": 474938286477,
  "mix": [
    [2.6683623769319973e-19, "uniform", [0, 1]],
    [0.0003699413256077839, "uniform", [0, 2]],
    [0.008970740061880415, "lognorm", [0.92692500260322, 0, 18.589041864729168]],
    [0.12432462402532762, "lognorm", [1.7953708683612108, 0, 1088.4745715903073]],
    [0.49704847806659985, "lognorm", [1.660020427960329, 0, 39030.10624563428]],
    [0.369286216520583, "lognorm", [0.5481312654176798, 0, 93655.50214200151]]
  ]
}
