{
  "sum": 552104410,
  "mix": [
    [7.4656130876934805e-56, "uniform", [0, 1]],
    [0.0024425082886576177, "uniform", [0, 2]],
    [9.822333369371025e-08, "uniform", [0, 3]],
    [2.0431605870021393e-12, "uniform", [0, 4]],
    [2.403742861088258e-10, "uniform", [0, 5]],
    [0.002963689013040449, "uniform", [0, 6]],
    [0.019884011205076515, "lognorm", [0.8354284714386498, 0, 14.125541896222684]],
    [0.15308256672610937, "lognorm", [1.9117069179377693, 0, 688.3461403100893]],
    [0.45732541498123824, "lognorm", [1.6958123151034028, 0, 27761.072049286107]],
    [0.36430171132012773, "lognorm", [0.593754648783583, 0, 78869.66222399512]]
  ]
}
